marc_000_1,marc_001_1,marc_040_b_1,marc_100_a_1,marc_100a_openrefine,marc_100_1_extralinks,marc_100_b_1,marc_100_c_1,marc_100_d_1,marc_100_0_1,marc_100_1_1,marc_110_a_1,marc_110_0_1,marc_110_1_1,marc_245_a_1,marc_245_b_1,marc_245_c_1,marc_260_a_1,marc_260_b_1,marc_260_c_1,marc_600_a_1,marc_600_a_1_openrefine,marc_600_1_1_extralinks,marc_600_a_2,marc_600_a_2_openrefine,marc_600_a_3,marc_600_b_1,marc_600_c_1,marc_600_c_2,marc_600_d_1,marc_600_d_2,marc_600_d_3,marc_600_0_1,marc_600_0_2,marc_600_1_1,marc_600_1_2,marc_600_2_1,marc_600_t_1,marc_610_a_1,marc_610_a_2,marc_610_2_1,marc_610_0_1,marc_610_v_1,marc_700_a_1,marc_700_a_1_openrefine,marc_700_1_1_extralinks,marc_700_a_2,marc_700_a_2_openrefine,marc_700_1_2_extralinks,marc_700_a_3,marc_700_a_3_openrefine,marc_700_1_3_extralinks,marc_700_b_1,marc_700_c_1,marc_700_c_2,marc_700_d_1,marc_700_d_2,marc_700_d_3,marc_700_e_1,marc_700_e_2,marc_700_0_1,marc_700_0_2,marc_700_1_1,marc_700_1_2,marc_700_4_1,marc_700_t_1,marc_710_a_1,marc_710_a_1_openrefine,marc_710_1_extralinks,marc_710_b_1,marc_710_c_1,marc_710_d_1,marc_710_e_1,marc_710_0_1,marc_710_1_1,marc_710_4_1,marc_oclc_no,marc_oclc_url,marc_uu_url
00851cam a2200241Mi 4500,ocm66922844,dut,,,,,,,,,,,,"Andere beglaubte Zeitungen oder Gründlicher und satter doch summarischer Bericht was sich jüngsthin beyderseits zugetragen, als die dem König zu Franckreich zuziehende Zydgnossen den Hertzogen von Savoi angriffen .",,,[S.l.] :,[s.n.],1589,,,,,,,,,,,,,,,,,,,,,,,,,,,,,,,,,,,,,,,,,,,,,,,,,,,,,,,,,66922844,http://www.worldcat.org/oclc/66922844,https://utrechtuniversity.on.worldcat.org/search?queryString=no:66922844
00862cam a2200265Mi 4500,ocm66866240,dut,,,,,,,,,,,,Rerum a Martino Schenckio apud Neomagenses undecima Augusti gestarum brevis historia /,,descripta a quodam oculato,Antverpiae :,ex officina Joachimi Trognesii,1589,"Schenck van Nideggen, Maarten","Schenck van Nideggen, Maarten, ca. 1540-1589",https://viaf.org/viaf/289990983,,,,,,,,,,,,,,,,,,,,,,,,,,,,,,,,,,,,,,,,,,,,,,,,,,,,,,66866240,http://www.worldcat.org/oclc/66866240,https://utrechtuniversity.on.worldcat.org/search?queryString=no:66866240
00874cam a2200265Mi 4500,ocm66866768,dut,"Luntius, Johannes",,,,,,,http://viaf.org/viaf/77131999,,,,Ode annalis quinta: De antiquorum Romanorum virtute :,scripta juventuti Ultrajectinae : a J. Luntio,,Ultrajecti :,ex officina Hermanni Borculoi,[1601],,,,,,,,,,,,,,,,,,,,,,,,,,,,,,,,,,,,,,,,,,,,,,,,,,,,,,,,,66866768,http://www.worldcat.org/oclc/66866768,https://utrechtuniversity.on.worldcat.org/search?queryString=no:66866768
00880cam a2200265Mi 4500,ocm66968221,dut,,,,,,,,,,,,"Wee-klachte der Hollandtsche maeght, over dese verwerde tijden: met een ernstighe aen-sprake aen zijn princeliicke excellentie .",,,[S.l.] :,[s.n.],1618,,,,,,,,,,,,,,,,,,,,,,,,"Telle, Reinier",,,,,,,,,,,,,,,,,,,http://viaf.org/viaf/2821266,,,,,,,,,,,,,,66968221,http://www.worldcat.org/oclc/66968221,https://utrechtuniversity.on.worldcat.org/search?queryString=no:66968221
00885cam a2200241Mi 4500,ocm66866546,dut,,,,,,,,,,,,"Raben Nest, auss wölchem bey jetziger Herbst Mess zu Franckfort 1588 etliche Junge feindt abgeflogen, umb ihre Laster Schnäbel, Lügenhafftigerweisz zuwetzen, wider die Papisten so wol als wider die Ubiquitisten oder Confessionisten .",,,Heydelberg :,[s.n.],1589,,,,,,,,,,,,,,,,,,,,,,,,,,,,,,,,,,,,,,,,,,,,,,,,,,,,,,,,,66866546,http://www.worldcat.org/oclc/66866546,https://utrechtuniversity.on.worldcat.org/search?queryString=no:66866546
00895cam a2200265Mi 4500,ocm66874194,dut,,,,,,,,,,,,"Catalogi librorum reprobatorum, et praelegendorum ex judicio Academiae Lovaniensis :",cum edicto Caesareo Majestatis evulgati,,Lovanii :,ex officina Servatii Sasseni,1550,,,,,,,,,,,,,,,,,,,,,,,,,,,,,,,,,,,,,,,,,,,,,,,,,,,,,,,,,66874194,http://www.worldcat.org/oclc/66874194,https://utrechtuniversity.on.worldcat.org/search?queryString=no:66874194
00901cam a2200265Mi 4500,ocm66866770,dut,"Luntius, Johannes",,,,,,,http://viaf.org/viaf/77131999,,,,Ode annalis sexta: Singula suis et certis in mundo periodis regi :,scripta juventuti Ultrajectinae : a J. Luntio,,Ultrajecti :,ex officina Hermanni Borculoi,[1602],,,,,,,,,,,,,,,,,,,,,,,,,,,,,,,,,,,,,,,,,,,,,,,,,,,,,,,,,66866770,http://www.worldcat.org/oclc/66866770,https://utrechtuniversity.on.worldcat.org/search?queryString=no:66866770
00926cam a2200265Mi 4500,ocm66866774,dut,"Luntius, Johannes",,,,,,,http://viaf.org/viaf/77131999,,,,Ode annalis septima: Impietatem et luxum esse causas poenarum divinarum :,scripta juventuti Ultrajectinae : a J. Luntio,,Ultrajecti :,ex officina typographica Hermanni Borculoi,[1603],,,,,,,,,,,,,,,,,,,,,,,,,,,,,,,,,,,,,,,,,,,,,,,,,,,,,,,,,66866774,http://www.worldcat.org/oclc/66866774,https://utrechtuniversity.on.worldcat.org/search?queryString=no:66866774
00926cam a2200289Mi 4500,ocm66922663,dut,,,,,,,,,,,,"Also by de veranderinge geschiet binnen de stadt Utrecht ... ontdeckt zijn verscheyde saecken, daer van voor desen groot achterdencken is geweest .",,,[S.l.] :,[s.n.],[1618?],,,,,,,,,,,,,,,,,,,,,,,,,,,,,,,,,,,,,,,,,,,,,,,,,,,,,,,,,66922663,http://www.worldcat.org/oclc/66922663,https://utrechtuniversity.on.worldcat.org/search?queryString=no:66922663
00978cam a2200265Mi 4500,ocm66866777,dut,"Luntius, Johannes",,,,,,,http://viaf.org/viaf/77131999,,,,"Annalis octava: Status subditorum pessimus sub tyranno et puero, optimus sub pio et sapiente principe :",scripta juventuti Ultrajectinae : a J. Luntio,,Ultrajecti :,ex officina Hermanni Borculoi,[1604],,,,,,,,,,,,,,,,,,,,,,,,,,,,,,,,,,,,,,,,,,,,,,,,,,,,,,,,,66866777,http://www.worldcat.org/oclc/66866777,https://utrechtuniversity.on.worldcat.org/search?queryString=no:66866777
00983cam a2200265Mi 4500,ocm66866526,dut,,,,,,,,,,,,"Placcaet opden opheve vanden veertichsten penninck, op de onroerende goederen inde stadt, steden, ende landen van Utrecht gheleghen, die ghetransporteert of in eenigher wijse veralieneert sullen worden, midtsgaders op eenige prelaturen ende prebenden &c",,,Gheprent tot Utrecht :,by Salomon Aertson,1591,,,,,,,,,,,,,,,,,,,,,,,,,,,,,,,,,,,,,,,,,,,,,,,,,,,,,,,,,66866526,http://www.worldcat.org/oclc/66866526,https://utrechtuniversity.on.worldcat.org/search?queryString=no:66866526
00990cam a2200289Mi 4500,ocm65558918,dut,,,,,,,,,,,,"Extract uyt een brief, geschreven uyt 's Gravenhage den 27. October 1688",,,['s Gravenhage],,[1688],,,,,,,,,,,,,,,,,,,,,,,,,,,,,,,,,,,,,,,,,,,,,,,S.n. ('s-Gravenhage),S.n. ('s-Gravenhage),,,,,,(NL-LeOCL)077156617,,prt,65558918,http://www.worldcat.org/oclc/65558918,https://utrechtuniversity.on.worldcat.org/search?queryString=no:65558918
00996cam a2200253Mi 4500,ocm66866790,dut,"Strombergh, Henricus",,,,,,,http://viaf.org/viaf/288667643,,,,"Triumphus Slusae Flandrorum captae, auspiciis Illustr. ac Potentissimorum Foederatarum Provinciarum Belgii ordinum, ductu inclutissimi, fortissimi & cum Deo invicti herois & domini D. Mauricii principis Auriaci ... /",,carmine solemniter celebratus ab Henrico Strombergio,Campis :,excudebat Guilielmus Bernhardi,1604,,,,,,,,,,,,,,,,,,,,,,,,,,,,,,,,,,,,,,,,,,,,,,,,,,,,,,,,,66866790,http://www.worldcat.org/oclc/66866790,https://utrechtuniversity.on.worldcat.org/search?queryString=no:66866790
00998cam a2200289Mi 4500,ocm63806621,dut,"Temple, William","Temple, Sir William, 1628-1699",https://viaf.org/viaf/363145858086023022208,,Chevalier,1628-1699,(NL-LeOCL)068482876,,,,,Remarques sur l'estat des Provinces Unies des Pays-bas. :,Faites en l'an 1672. /,Par Monsieur le Chevalier Temple,[S.l.] :,[s.n.],1685,,,,,,,,,,,,,,,,,,,,,,,,,,,,,,,,,,,,,,,,,,,,,,,,,,,,,,,,,63806621,http://www.worldcat.org/oclc/63806621,https://utrechtuniversity.on.worldcat.org/search?queryString=no:63806621
00999cam a2200301Mi 4500,ocm66880789,dut,,,,,,,,,,,,Vermeerderde articulen voor te stellen aen Do. Bekker,,,[S.l.] :,[s.n.],[1691],Bekker,,,,,,,,,,,,,,http://viaf.org/viaf/162963783,,,,,,,,,"Groenewegen, Leonardus",,,,,,,,,,,,,,,,,,,http://viaf.org/viaf/308211757,,,,,,,,,,,,,,66880789,http://www.worldcat.org/oclc/66880789,https://utrechtuniversity.on.worldcat.org/search?queryString=no:66880789
01011cam a2200253Mi 4500,ocm66880882,dut,"Marnix, Philips van",,,,heer van Sint Aldegonde,1540-1598,(NL-LeOCL)068871414,http://viaf.org/viaf/9874771,,,,"Ad potentissimos ac serenissimos reges, principes, reliquosque amplissimos Christiani orbis ordines, seria de Reip. Christianæ statu eiusque salute atque incolumitate conservanda, Germani cuiusdam nobilis & patriæ amantis viri commonefactio",,,[S.l.] :,[s.n.],1584,,,,,,,,,,,,,,,,,,,,,,,,,,,,,,,,,,,,,,,,,,,,,,,,,,,,,,,,,66880882,http://www.worldcat.org/oclc/66880882,https://utrechtuniversity.on.worldcat.org/search?queryString=no:66880882
01015cam a2200265Mi 4500,ocm66866544,dut,,,,,,,,,,,,"Confutation, Appellation und Protestationschrifft dess ehrwirdigen und wolgebornen Herrn Herrn Georg von Säyn Graffen zu Witgenstein Thumbprobsten zu Cölln etc., von einer nichtiger Citation und darauff untüglich ergangen Urtheil, Herren Johan Frantzen Bischoffen zu Vercel, Nuntii Pontificii",,,[S.l.] :,[s.n.],1583,"Sayn-Wittgenstein, Georg zu","Georg II. von Sayn-Wittgenstein-Berleburg Sayn-Wittgenstein-Berleburg, Georg zu 1565-1631",https://viaf.org/viaf/103880603,,,,,graaf,,,,,,,,,,,,,,,,,,,,,,,,,,,,,,,,,,,,,,,,,,,,,,,,,66866544,http://www.worldcat.org/oclc/66866544,https://utrechtuniversity.on.worldcat.org/search?queryString=no:66866544
01021cam a2200277Mi 4500,ocm66866547,dut,,,,,,,,,,,,"Zeytung, welcherley Massen und Gestalt die Friedtshadelung [!] sich mit der Statt Strassbürg unnd dem Hertzogen von Lotringen sampt dem Marggraffen von Brandenburg etc. zu getragen und begeben hat, den 27. February 1539",,,Gedruckt zu Cölln :,durch Nicolaus Schreiber,1593,,,,,,,,,,,,,,,,,,,,,,,,,,,,,,,,,,,,,,,,,,,,,,,,,,,,,,,,,66866547,http://www.worldcat.org/oclc/66866547,https://utrechtuniversity.on.worldcat.org/search?queryString=no:66866547
01028cam a2200277Mi 4500,ocm65556064,dut,"Essenius, Andreas",,,,,1618-1677,(NL-LeOCL)070484066,http://viaf.org/viaf/72148784,,,,"Defensio consilii theologici Ultrajectini de Canonicatilius, Vicariatibus /",,.,Ultrajecti,,1658,,,,,,,,,,,,,,,,,,,,,,,,,,,,,,,,,,,,,,,,,,,,,,,,,,,,,,,,,65556064,http://www.worldcat.org/oclc/65556064,https://utrechtuniversity.on.worldcat.org/search?queryString=no:65556064
01057cam a2200289Mi 4500,ocm66867015,dut,"Mouthaen, Henricus","Mouthaen, Henricus Nicolaes, c.1581- Mouthaen, Henricus Nicolaes 1599-1603 fl",https://viaf.org/viaf/287207793,,,,,,,,,"Lessi Henrici Mouthaen Utricis, fusi super immaturo obitu synceri viri-adulescentis D. Guiliemi Berckii Dordracensis, pridie natalis Christi",,,Athenis Batavorum :,typis Christophori Guyotii,[1600],"Berckius, Guilielmus","Berckius, Guilielmus, 1599 fl",https://viaf.org/viaf/103147266815435481871,,,,,,,,,,,,,,,,,,,,,,,,,,,,,,,,,,,,,,,,,,,,,,,,,,,,,,66867015,http://www.worldcat.org/oclc/66867015,https://utrechtuniversity.on.worldcat.org/search?queryString=no:66867015
01076cam a2200265Mi 4500,ocm66866268,dut,,,,,,,,,,,,"Warachtige nieuwe tijdinge, ende schoone victorie, die de almloghende Heere tot voordeel des Vaderlandts verleent ende verthoont heeft, door den vromen heere Monsieur a Lonche ... capiteyn voor den prinche [!] van Oraenien ende Staten des Nederlandts met syne soldaten ende adherenten opt faict ende innemen der stadt van Diest op den ix. junij .",,,[Homberg?] :,[Nicolaes of Peter Gevaerts],1580,,,,,,,,,,,,,,,,,,,,,,,,,,,,,,,,,,,,,,,,,,,,,,,,,,,,,,,,,66866268,http://www.worldcat.org/oclc/66866268,https://utrechtuniversity.on.worldcat.org/search?queryString=no:66866268
01090cam a2200289Mi 4500,ocm66866481,dut,Willem I,Willem I,,,prins van Oranje,,,,,,,"Bekendnus, der durchleuchtigesten hochgebornen Fürsten und Herrn, Herren Wilhelm Printz zu Uranien, sampt andern irer F.G. Mitverwandten Defension, und Nootwehr widder des Duca de Alba unchristliche und eunerhörte Verfolgung gegen alle Stendt der Nidderlanden, tyrannischer Weise geübet",,,[S.l.] :,[s.n.],[1568],"Alba, Fernando Alvarez de Toledo","Alvarez de Toledo Duque de Alba, Fernando",https://viaf.org/viaf/1596152636156820052105,,,,,duque d',,,,,,,,,,,,,,,,,,,,,,,,,,,,,,,,,,,,,,,,,,,,,,,,,66866481,http://www.worldcat.org/oclc/66866481,https://utrechtuniversity.on.worldcat.org/search?queryString=no:66866481
01125cam a2200265Mi 4500,ocm66866552,dut,"Pierius, Urbanus","Pierius, Urban, 1546-1616 Urban Pierius Urban Pierius deutscher lutherischer Theologe, Professor, Superintendent, Generalsuperintendent Birnbaum, Urban, 1546-1616 Pierius, Urbanus, 1546-1616 Pierius, Urban",https://viaf.org/viaf/35191226,,,,,,,,,"Genötigte Verneinung Urbani Pierij D. das ist, dass es nicht war sey, was wider ihn Magnus Christophorus H. mit dem Titull Revocatio oder Wiederruff Urbani Pierii etc. in Druck aussgelassen :","allen Rechtgläubigen,zur wahren gründlichen Nachrichtung und zu Entdeckung der offentlichen Lügen dieses Magni Christophori, kürtzlich am Tag geben",,Getruckt in ... Heidelberg :,durch Abraham Smesman,1593,"Christoph, Magnus",,,,,,,,,,,,,,http://viaf.org/viaf/15583847,,,,,,,,,,,,,,,,,,,,,,,,,,,,,,,,,,,,,,,,,,66866552,http://www.worldcat.org/oclc/66866552,https://utrechtuniversity.on.worldcat.org/search?queryString=no:66866552
01128cam a2200241Mi 4500,ocm66866549,dut,,,,,,,,,,,,"Dasz es nicht war, sondern ein grosse grobe Landtlügen sey, was von der Churfürstlichen Pfaltzischen Reformation unnd Kirchenordnung, anno 86. von etlichen heimlich, jetzo aber von einem (der sich noch nicht nennet) in seier Postrema relatione historica, das ist, Letzsten historischen Beschreibung, in offentlichen Truck ohne allen Grundt aussgesprengt worden /",,"durch Guthertziger Liebhaber der Warheit in der Churfürstlichen Pfaltz, kurtzlich an Tagn gegeben",Getruckt in ... Heidelberg :,[s.n.],1588,,,,,,,,,,,,,,,,,,,,,,,,,,,,,,,,,,,,,,,,,,,,,,,,,,,,,,,,,66866549,http://www.worldcat.org/oclc/66866549,https://utrechtuniversity.on.worldcat.org/search?queryString=no:66866549
01150cam a2200301Mi 4500,ocm66866794,dut,"Merwe, Franciscus van","Merwe, Franciscus van",,,,,,,,,,"Epithalamium, nuptiis castissimis, fato non inauspicato contractis D. Cornelii Verdousii Brunonis F., viri honestissimi, nuptiarum capitis ornatissimi, D.q. Gerardae Rodiae virginis castissimae ... /",,devotum a Francisco Meruvio,Lugduni Batavorum :,ex officina Christophori Gujotii,1601,"Verdousius, Cornelius","Verdousius, Cornelius",,"Rodia, Gerarda","Rodia, Gerarda",,,,,,,,,,,,,,,,,,,"Cranendonck, Joachim",,,,,,,,,,,,,,,,,,,http://viaf.org/viaf/283813675,,,,,,,,,,,,,,66866794,http://www.worldcat.org/oclc/66866794,https://utrechtuniversity.on.worldcat.org/search?queryString=no:66866794
01152cam a2200277Mi 4500,ocm66866542,dut,Gebhard II,"Gebhard II. Regensburg, Bischhof -1036 Gebhard II. Bischof von Regensburg",https://viaf.org/viaf/5378158982602556190006,,Truchsess von Waldburg,,,,,,,"Christliche Erklärung in Religions Sachen, so der Hochwürdigst Fürst und Herr, Herr Gebhardt, Erwehlter und Bestättigter zu Ertzbischoffen zu Cölln, dess Heiligen Reichs durch Italien Ertz-Canzler und Churfürst, Hertzog zu Westphalen und Engern etc. den 16. Januarii, dieses jetzt lauffenden 83. Jars, in irer Churf. G. Ertzstifft Cölln, offentlich publiciern, und verkünden lassen etc",,,[S.l.] :,[s.n.],1583,,,,,,,,,,,,,,,,,,,,,,,,,,,,,,,,,,,,,,,,,,,,,,,,,,,,,,,,,66866542,http://www.worldcat.org/oclc/66866542,https://utrechtuniversity.on.worldcat.org/search?queryString=no:66866542
01214cam a2200289Mi 4500,ocm66866534,dut,"Latomus, Bartholomaeus",,,,,1485-1566,(NL-LeOCL)110710282,http://viaf.org/viaf/282060667,,,,"Responsio Bartholomaei Latomi ad epistolam quandam Martini Buceri de dispensatione Eucharistiae &invocatione divorum & de coelibatu sacerdotum, in qua interim Ecclesiae & sanctorum patrum authoritas acerrime defenditur",,,Coloniae :,ex officina Melchioris Novesiani,1544,"Bucer, Martin",,,,,,,,,,,,,,http://viaf.org/viaf/2478527,,,,,,,,,,,,,,,,,,,,,,,,,,,,,,,,,,,,,,,,,,66866534,http://www.worldcat.org/oclc/66866534,https://utrechtuniversity.on.worldcat.org/search?queryString=no:66866534
01257cam a2200313Mi 4500,ocm66931787,dut,,,,,,,,,,,,"Copye-Brief van den Bisschop van Munster, Aen de Hoog Mog. Heeren Staten Generael der Vereenighde Nederlanden :","Van dato den 14 September, 1665 /",Uyt het Hoogduytsch overgeset,[S.l.] :,[s.n.],[1665?],,,,,,,,,,,,,,,,,,,,,,,,"Galen, Christoph Bernhard von","Galen, Christoph Bernhard von, 1606-1678. Christoph Bernhard 1606-1678 Münster, Bischof Christoph Bernhard Münster, Bischof 1606-1678 Galen, Christoph Bernhard von, 1606-1679 Bernhard, Prince-Bishop of Münster, 1606-1678 Christoph Bernhard von Galen Fürstbischof von Münster Galen, Christoph Bernhard von Christoph Bernhard 1606-1678",https://viaf.org/viaf/100179429,,,,,,,,zie ook Bommen Berend,,1606-1679,,,,,(NL-LeOCL)070043485,,,,,,S.n. (S.l.),S.n. (S.l.),,,,,,(NL-LeOCL)077153677,,prt,66931787,http://www.worldcat.org/oclc/66931787,https://utrechtuniversity.on.worldcat.org/search?queryString=no:66931787
01280cam a2200313Mi 4500,ocm65698573,dut,,,,,,,,,,,,"De Staten van Hollandt ende West-Vrieslandt, allen den genen, die desen sullen sien ofte hooren lesen, salut. Doen te weten, dat wy hebben bevonden, dat zedert eenighen tijdt herwaerts, in verscheyde steden ende plaetsen van desen lande zijn ontstaen geweest veele diffidentien ende murmuratien ",,,"In 's Graven-hage, :",by Jacobus Scheltus ..,1672,,,,,,,,,,,,,,,,,,,,,,,,,,,,,,,,,,,,,,,,,,,,,,,"Scheltus, Jacobus (I, 's-Gravenhage)","Scheltus, Jacobus (I, 's-Gravenhage)",,,,,,(NL-LeOCL)077132300,,prt,65698573,http://www.worldcat.org/oclc/65698573,https://utrechtuniversity.on.worldcat.org/search?queryString=no:65698573
01283cam a2200277Mi 4500,ocm65054231,dut,,,,,,,,,,,,"Declaration veritable de la bataille faicte à Ivry la Chanssee le 14. de mars, par victoire obtenue sa Majesté Henri quatrième, roy de France et de Navarre, sur ceux de la ligue :",ensemble les articles de la grace que sa Majesté a faictes aux Suisses du parti contraire,,[S.l.] :,[s.n.],1590,Henri,,,,,,IV,koning van Frankrijk,,1553-1610,,,(NL-LeOCL)069857326,,http://viaf.org/viaf/59094245,,,,,,,,,Henri,,,,,,,,,IV,koning van Frankrijk,,1553-1610,,,,,(NL-LeOCL)069857326,,http://viaf.org/viaf/59094245,,,,,,,,,,,,,,65054231,http://www.worldcat.org/oclc/65054231,https://utrechtuniversity.on.worldcat.org/search?queryString=no:65054231
01306cam a2200301Mi 4500,ocm63400201,dut,"Telle, Reinier",,,,,1558/59-1618,(NL-LeOCL)069381526,http://viaf.org/viaf/89909988,,,,"Der Contraremonstranten kerf-stock, die nimmermeer yser wordt. :",Aen de Roomsche Catholijcken. : Op de wyse: Het was een fray rijck burghers kindt. /,Door een lief-hebber van de vrye waerheydt,[S.l. :,s.n.],[1617],,,,,,,,,,,,,,,,,,,,,,,,,,,,,,,,,,,,,,,,,,,,,,,,,,,,,,,,,63400201,http://www.worldcat.org/oclc/63400201,https://utrechtuniversity.on.worldcat.org/search?queryString=no:63400201
01323cam a2200289Mi 4500,ocm66866503,dut,"Eyzinger, Michael","Aitzing, Michael von 1530-1598 Eytzinger, Michael, ....-1598 Aitsinger, Michael von (Michael), 1530-1598 Aitzing, Michael von, ca. 1530-1598 Eytzinger, Michael (ca 1530-1598) Michael von Aitzing österreichischer Publizist Eitzing, Michael, Freiherr von, 1530-1598 Aitzing, Michael von Eytzinger, Michael von, 1530-1598 Aitzing, M. von ок.1530-1598 Michael von Von Eitzing, Michael 1530-1598 Cartographe",https://viaf.org/viaf/57408183,,,,,,,,,Spanischer Armada oder Kriegsrüstung warhaffte Relation /,,"auss dem Hispanischen Original in Hochteutsch ubergesetzt ; sambt Erzehlung: wie deiselbig den 29. unnd 30. Maij under dem Bevelch des Hertzogen von Medina Sidonia, auss Portugal abgeschifft, unnd wie sie mit grosser Gefahr darnach an Engellandt ankommen, unnd sich im engen Meer durchgeschlagen, den 8. 9. und 10. Augusti, auch wie darnach solche Armada auff dem flachen Meer abermals mit den Englischen ein Treffen gethan den 22. Tag desselbigen Monats Augusti 1588",Zu Cölln :,bey Godtfriedt van Kempen,1588,,,,,,,,,,,,,,,,,,,,,,,,,,,,,,,,,,,,,,,,,,,,,,,,,,,,,,,,,66866503,http://www.worldcat.org/oclc/66866503,https://utrechtuniversity.on.worldcat.org/search?queryString=no:66866503
01414cam a2200289Mi 4500,ocm66870063,dut,,,,,,,,,,,,Copey der Supplication etlicher Bürger in Cöllen die sich zur evangelischen Lehr Göttliches Worts und der darauff gegründten Augspurgischen Confession bekennen /,,ubergeben den 2. Junij stylo novo anno 90. durch einen Doctor der H. Schrifft und eine fürnemme Person vom Adel ; umb erheblicher und notwendiger Ursachen willen in den Druck gefertiget,[S.l.] :,[s.n.],1590,,,,,,,,,,,,,,,,,,,,,,,,,,,,,,,,,,,,,,,,,,,,,,,,,,,,,,,,,66870063,http://www.worldcat.org/oclc/66870063,https://utrechtuniversity.on.worldcat.org/search?queryString=no:66870063
01471cam a2200313   4500,ocm41885432,eng,"Socinus, Faustus",,,,,1539-1604,http://id.loc.gov/authorities/names/n85144140,http://viaf.org/viaf/41890089,,,,Tractatvs de ivstificatione,,Favsti Socini Senensis,Racoviae,Typis Sebastiani Sternacii,1616,,,,,,,,,,,,,,,,,,,,,,,,,,,,,,,,,,,,,,,,,,,,,,,,,,,,,,,,,41885432,http://www.worldcat.org/oclc/41885432,https://utrechtuniversity.on.worldcat.org/search?queryString=no:41885432
01504cam a2200337Mi 4500,ocm68037902,dut,Gregorius,,,XIV,paus,1535-1591,,http://viaf.org/viaf/295180128,,,,"Gregorii XIIII Papæ Litteræ monitoriales ad principes, duces, marchiones &c et archiepiscopos, episcopos aliosque ecclesiasticos regni Francorum, qui regis partes sequuntur, et ad eas Turonense senatusconsultum",,,Francofvrti :,ex officina typographica Martini Lechleri,1591,Gregorius,,,,,,XIV,paus,,1535-1591,,,(NL-LeOCL)072482591,,http://viaf.org/viaf/295180128,,,,,,,,,,,,,,,,,,,,,,,,,,,,,,,,"Lechler, Martin (Frankfort am Main)","Lechler, Martin (Frankfort am Main)",,,,,,(NL-LeOCL)080258832,,prt,68037902,http://www.worldcat.org/oclc/68037902,https://utrechtuniversity.on.worldcat.org/search?queryString=no:68037902
01516cam a2200337Mi 4500,ocm66866551,dut,"Osiander, Lucas",,,,,,,http://viaf.org/viaf/66477263,,,,"Bericht an alle fromme Christen, welche die Warheit lieben: warumb die beide rasende Barfüsser Mönch, Georg Eckhart und Michel Anisius, keiner Antwort werth seien /",,gestelt durch Lucas Osiander,Getruckt zu Tübingen :,Bey Georgen Gruppenbach,1592,"Anisius, Michael",,,"Eckhart, Georg",,,,,,,,,,,http://viaf.org/viaf/1064159234572803371998,http://viaf.org/viaf/7447158369776101460009,,,,,,,,,,,,,,,,,,,,,,,,,,,,,,,,,,,,,,,,,66866551,http://www.worldcat.org/oclc/66866551,https://utrechtuniversity.on.worldcat.org/search?queryString=no:66866551
01545cam a2200373Ka 4500,ocm09200381,eng,,,,,,,,,,,,Response au discours presenté au roy sur la reunion des deux religions,,,[France?] :,[publisher not identified],1607,,,,,,,,,,,,,,,,,,,,,,,,,,,,,,,,,,,,,,,,,,,,,,,,,,,,,,,,,9200381,http://www.worldcat.org/oclc/09200381,https://utrechtuniversity.on.worldcat.org/search?queryString=no:09200381
01546cam a2200337Ma 4500,ocm45240051,eng,"Burman, Frans",,,,,1628-1679,http://id.loc.gov/authorities/names/n50032334,http://viaf.org/viaf/144697,,,,Francisci Burmanni ... Oratio de causis Belgicae afflictae. :,"Dicta in templi majoris choro, A. diem XIII. Junii, urbi huic funestum, A.C. MDCLXXIV",,Trajecti ad Rhenum :,Apud Cornelium Jacobi Noenardum ..,MDCLXXIV,,,,,,,,,,,,,,,,,,,,,,,,"Noenaert, Cornelis Jacobsz","Noenaert, Cornelis Jacobsz",https://viaf.org/viaf/192154380986030291537,,,,,,,,,,1662-1696,,,printer,,,,,,,,,,,,,,,,,,45240051,http://www.worldcat.org/oclc/45240051,https://utrechtuniversity.on.worldcat.org/search?queryString=no:45240051
01557cam a2200313Mi 4500,ocm66866536,dut,,,,,,,,,,,,"Antwort der catholischen königlichen Maiestet, auff das jenige, was der Durchleuchtigst, unnd Hochgeborne Fürst, Carle Ertzhertzog in Oesterreich, derselben Vetter, in namen und von wegen des Allerdurchleuchtigsten, Grossmechtigsten Fürsten, Herren Maximiliani II Römischen Keysers, desselben geliebten Brudern, des Niderländischen Kriegswesen halber, fürgebracht :","auch ist zu endt ein Edict mit angehenckt so König. May. inn Polen an die Statt Wilda, wegen der Empörung und Auffrur, so die von der Catholischen Römischen Kirchen, wider die Leut und Kirchendiener des evangelischen und sächsischen hauffens, erweckt, aussgehen lassen",,[S.l.] :,[s.n.],1582,Maximiliaan II,"Maximilien II, 1527-1576, empereur germanique Maksymilian II (cesarz rzymski narodu niemieckiego ; 1527-1576). Maximilien 1527-1576 empereur germanique II Maximilian II. Heiliges Römisches Reich, Kaiser 1527-1576 ماكسيمليان الثاني Maximilian II, Holy Roman Emperor, 1527-1576 Maximilian II, keizer van het Heilige Roomse Rijk, 1527-1576 Maximilian II, empereur germanique, 1527-1576 Maximiliano II, Emperador del Sacro Imperio Romano Germánico Maksymilian II (cesarz rzymsko-niemiecki ;1527-1576) Maximilian II., römisch-deutscher Kaiser 1527-1576 Maximilian II, tysk-romersk kejsare, 1527-1576 Maximilian 2 tysk-romersk keiser 1527-1576 Maxmilián II., římskoněmecký císař, 1527-1576 Maximilian эрцгерцог австрийский, император Священной Римской империи II 1527-1576 מקסימיליאן ה-2, קיסר, האימפריה הרומית הקדושה, 1527-1576 Maximiliano II, Imperador do Sacro Império Romano Germânico, 1527-1576 Maximilian II, rimsko-njem. car, 1527-1576 Maximilian II 1527-1576 Šv. Romos imperijos imperatorius, Čekijos ir Vengrijos karalius Maximilian II, Saksa-Rooma keiser, 1527-1576",https://viaf.org/viaf/27863609,Karel van Stiermarken,Karel van Stiermarken,,,Rooms-Duits keizer,,1540-1590,,,,,,,,,,,,,,Filips II,Filips II,,Báthory,Báthory,,,,,,koning van Spanje,koning van Polen,,,,,,,,,,,,,,,,,,,,,,66866536,http://www.worldcat.org/oclc/66866536,https://utrechtuniversity.on.worldcat.org/search?queryString=no:66866536
01587cam a2200289M  4500,ocm17749472,eng,"Mesmes, Jean-Antoine de",,,,comte d'Avaux,1640-1709,http://id.loc.gov/authorities/names/no99014910,http://viaf.org/viaf/36908983,,,,"Memorie van Syn Excellentie de Heer Grave d'Avaux, extraordinaris ambassadeur van Syn Alder-Christelijkste Majesteyt;","gepresenteert aen de Staten Generaal der Vereenigde Nederlanden. Den 16. Mey, 1684",,[Place of publication not identified],,1684,,,,,,,,,,,,,,,,,,,,,,,,,,,,,,,,,,,,,,,,,,,,,,,,,,,,,,,,,17749472,http://www.worldcat.org/oclc/17749472,https://utrechtuniversity.on.worldcat.org/search?queryString=no:17749472
01905cam a2200373Ia 4500,ocm58038313,eng,"Wigand, Johann",,,,,1523-1587,http://id.loc.gov/authorities/names/n90683277,http://viaf.org/viaf/76621932,,,,"Warnung vor dem Catechismo D. Canisii, des grossen Jhesuwidders :",Daraus die ungründe bepstlicher Lere zu erkennen /,D. Johannes Wigandus,Gedruckt zu Jhena :,durch Christian Rhödingers Erben,M.D. LXX,"Canisius, Petrus","Canisius, Petrus",https://viaf.org/viaf/1878159248378304870008,,,,,Saint,,1521-1597,,,,,,,,Opus catechisticum,Catholic Church,Catholic Church,fast,http://id.worldcat.org/fast/00531720,Controversial literature,,,,,,,,,,,,,,,,,,,,,,,,Christian Rödingers Erben,Christian Rödingers Erben,,,,,printer,,,,58038313,http://www.worldcat.org/oclc/58038313,https://utrechtuniversity.on.worldcat.org/search?queryString=no:58038313
01937cam a2200385Ii 4500,ocm03922636,eng,"La Planche, Louis Régnier de",,,,,approximately 1530-approximately 1580,http://id.loc.gov/authorities/names/n88145440,http://viaf.org/viaf/5877937,,,,"La legende de Charles, cardinal de Lorraine :","& de ses freres, de la maison de Guise /",Descrite en trois liures par François de l'Isle [i.e. La Planche],Reims :,Imprimerie de Pierre Martin,1579,"Guise, Charles de",,,Guise family,,"Guise, Charles de",,Cardinal de Lorraine,Cardinal de Lorraine,1525-1574,1525-1574,,http://id.loc.gov/authorities/names/nr93004810,http://id.worldcat.org/fast/00316924,http://viaf.org/viaf/46904834,http://viaf.org/viaf/46904834,fast,,,,,,,,,,,,,,,,,,,,,,,,,,,,,,,,,,,,,,,,3922636,http://www.worldcat.org/oclc/03922636,https://utrechtuniversity.on.worldcat.org/search?queryString=no:03922636
02055cam a2200409Ma 4500,ocm46340241,eng,Henry,,,III,King of France,1551-1589,http://id.loc.gov/authorities/names/n50040026,http://viaf.org/viaf/5774506,,,,"Edictum Henrici Regis Galliae de pace, nuper a typographo regio Lutetiæ editum cum priuilegio Regis, è Gallico in Latinum sermonem fideliter conuersum",,,[Paris] :,[Féderic Morel?],1576,,,,,,,,,,,,,,,,,,,,,,,,"Morel, Fédéric",,,,,,,,,,,,1523-1583,,,printer,,http://id.loc.gov/authorities/names/nr96033658,,http://viaf.org/viaf/44403189,,,,,,,,,,,,,,46340241,http://www.worldcat.org/oclc/46340241,https://utrechtuniversity.on.worldcat.org/search?queryString=no:46340241
02129cam a2200361Mi 4500,ocm64780573,dut,,,,,,,,,,,,"Antwoorde op de valsche beschuldiginghen door een zeker ghesworen vijandt der Ghereformeerde religie, onder den titel ofte name van de Iustificatie van Leyden ... Midtsgaders de Verantwoordinghe van den dienaer, ouderlinghen en̄ diaconen der kercke tot Leyden, naer het wt-gheven van de Justificatie ghestelt ",,,"Tot Rotterdam, :",by Jan van Waesberghe ..,1598,,,,,,,,,,,,,,,,,,,,,,,,,,,,,,,,,,,,,,,,,,,,,,,"Waesberge, Jan van (II, Rotterdam)","Waesberge, Jan van 1556-1626 Van Waesberge, Jan, 1556-1626 Van Waesberge, Jan Van Waesberge, Jan, fl. 1555-1589 Jan II van Waesberghe Nederlands drukker (1556-1626)",https://viaf.org/viaf/88106360,,,,,(NL-LeOCL)112190189,,prt,64780573,http://www.worldcat.org/oclc/64780573,https://utrechtuniversity.on.worldcat.org/search?queryString=no:64780573
02139cam a2200421Ia 4500,ocm68083351,eng,"Selneccer, Nicolaus",,,,,1530-1592,http://id.loc.gov/authorities/names/n89602807,http://viaf.org/viaf/7415057,,,,"Nicolai Selnecceri D. Superintendenten zu Leipzig, christliche kurtze Antwort auff die Lesterung und sacramentirische Schmehschrifft Lamberti Danaei, itzt Anno 1581 in Druck zu Genff gegeben :","etliche christliche Gebet wider die Schwermer, aus dem Psalter Davids",,Gedruckt zu Leipzig :,bey Georg Defner,Anno 1581,"Daneau, Lambert","Fournier, Guillaume m. 1584 Fournier, Guillaume 1530?-1588",https://viaf.org/viaf/7002163159935401640004,,,,,,,1530-1595,,,,,,,,De tribus gravissimis,,,,,,"Deffner, Georg","Deffner, Georg",https://viaf.org/viaf/426154380971330291199,,,,,,,,,,active 1580-1587,,,printer,,,,,,,,,,,,,,,,,,68083351,http://www.worldcat.org/oclc/68083351,https://utrechtuniversity.on.worldcat.org/search?queryString=no:68083351
02382cam a2200433Ia 4500,ocm32763752,eng,"Ossat, Arnaud d'","Ossat, Arnaud d', 1537-1604 Ossat, Arnaud d' 1536-1604 Arnaud d'Ossat Ossat, Arnaud d', card., 1536-1604 Ossat, Arnaud d', Cardinal (French cardinal, diplomat, 1536-1604)",https://viaf.org/viaf/49283322,,,1536-1604,http://id.loc.gov/authorities/names/no2001087516,,,,,Expositio Arnaldi Ossati in disputationem Jacobi Carpentarii De methodo,,,"Parisiis [Paris, France] :",Apud Andream Wechelum,1564,"Charpentier, Jacques",,,"Ramus, Petrus",,"Ramus, Petrus",,,,1521-1574,1515-1572,1515-1572,http://id.loc.gov/authorities/names/n81129403,http://id.worldcat.org/fast/00082022,http://viaf.org/viaf/39399236,http://viaf.org/viaf/39399236,fast,"Disputatio de methodo, quod unica non sit",,,,,,"Ramus, Petrus",,,"Wechel, Andreas","Wechel, Andreas",,"Charpentier, Jacques","Charpentier, Jean-Jacques",https://viaf.org/viaf/9462156497239517740001,,,,1515-1572,-1581,1521-1574,printer,,http://id.loc.gov/authorities/names/n81129403,http://id.loc.gov/authorities/names/nr94021004,http://viaf.org/viaf/39399236,http://viaf.org/viaf/99863554,,"Disputatio de methodo, quod unica non sit",,,,,,,,,,,32763752,http://www.worldcat.org/oclc/32763752,https://utrechtuniversity.on.worldcat.org/search?queryString=no:32763752
02708cam a2200469Ia 4500,ocm66969249,eng,,,,,,,,,,,,"Zum glückseligen newen Jar, Warnung, vnd Vermanunge an D. Nicklaus Selneckern :","das er mit seinen Consorten, die Anhaltischen Theologen zuschmehen, vnd in jnen die göttliche warheit wider sein eigen gewissen zu lestern, einmal auffhören wolle : Beyneben angehengter Bekentnis vn[d] meinunge D. Tilemanni Heshusij, von diesem streit, zum zeugnis der vnwidersprechlichen Warheit",,Gedruckt zu Zerbst :,durch Bonauentur Schmidt,M.D. LXXXV,"Selneccer, Nicolaus",,,"Selneccer, Nicolaus",,,,,,1530-1592,1530-1592,,http://id.loc.gov/authorities/names/n89602807,http://id.worldcat.org/fast/00243661,http://viaf.org/viaf/7415057,http://viaf.org/viaf/7415057,fast,,,,,,,"Heshusius, Tilemann",,,"Schmidt, Bonaventura","Schmidt, Bonaventura, -1597 Schmidt, Bonaventura, ?-ca. 1598 Schmidt, Bonaventura Schmidt, Bonaventura, 15..-1597 Bonaventura Schmidt",https://viaf.org/viaf/265200637,,,,,,,1527-1588,-approximately 1598,,contributor,printer,http://id.loc.gov/authorities/names/nr95029757,http://id.loc.gov/authorities/names/nr97029937,http://viaf.org/viaf/61556286,http://viaf.org/viaf/49135197,ctb,,,,,,,,,,,,66969249,http://www.worldcat.org/oclc/66969249,https://utrechtuniversity.on.worldcat.org/search?queryString=no:66969249
02709cam a2200445Mi 4500,ocm64845635,dut,"Blanckaert, Nicolaas",,,,,1624-1703,(NL-LeOCL)069662134,http://viaf.org/viaf/12410245,,,,"Nicolai Blancardi Panegyricvs, pro ivbileo sev festo secvlari, :","ivssv procervm, in Templo Academico, dictvs MDCLXXXV, die Sept. XXIV",,Franeqverae :,excudit Johannes Gyselaer ..,1685,,,,,,,,,,,,,,,,,,,,,,,,"Frankena, Abel",,,,,,,,,,,,,,,,,(NL-LeOCL)143417878,,http://viaf.org/viaf/287086325,,,,"Gyselaar, Hans (Franeker)","Gyselaar, Johannes",https://viaf.org/viaf/304945361,,,,,(NL-LeOCL)077163680,,prt,64845635,http://www.worldcat.org/oclc/64845635,https://utrechtuniversity.on.worldcat.org/search?queryString=no:64845635
,,,,,,,,,,,,,,,,,,,,,,,,,,,,,,,,,,,,,,,,,,,,,,,,,,,,,,,,,,,,,,,,,,,,,,,,,,,,30357261,http://www.worldcat.org/oclc/30357261,https://utrechtuniversity.on.worldcat.org/search?queryString=no:30357261
,,,,,,,,,,,,,,,,,,,,,,,,,,,,,,,,,,,,,,,,,,,,,,,,,,,,,,,,,,,,,,,,,,,,,,,,,,,,30357261,http://www.worldcat.org/oclc/30357261,https://utrechtuniversity.on.worldcat.org/search?queryString=no:30357261
